"Timestamp","Wat vond je van het spel","Welke type spellen heb je interesse in?","Zou je het spel kopen?","Zou je het spelen als een vriend het spel zou hebben?","Wat vind je van het regelboekje?","Vind je de eenheden duidelijk?","Is het spel te begrijpen?","Is de lengte van het spel goed?","Wat zou je willen toevoegen?","Wat zou je weghalen?","Wat zou je veranderen?"
"2017/10/09 9:05:44 AM GMT","8","","Ja","Ja","Duidelijk","Ja","Ja","Ja","misschien een extra speler","(┛◉Д◉)┛彡┻━┻",""
"2017/10/09 9:30:11 AM GMT","8","","Ja","Ja","Duidelijk","Ja","Misschien","Ja","niets","niets","niets
"
"2017/10/09 9:33:08 AM GMT","8","","Ja","Ja","Neutraal","Ja","Ja","Misschien","","",""
"2017/10/09 9:35:26 AM GMT","8","Strategie spellen.","Ja","Ja","Duidelijk","Ja","Ja","Ja","Iets om bondgenoten te maken en handel te drijven.","",""
"2017/10/09 9:35:44 AM GMT","6","Trivia & korte simpele gezdellige spellen","Nee","Ja","Duidelijk","Ja","Ja","Misschien","","",""
"2017/10/09 12:10:58 PM GMT","8","Strategie spelletjes, Monopoly achtig. Quiz spelletjes","Nee","Ja","Duidelijk","Ja","Ja","Misschien","Een strop voor mijn vijanden","Charline","Het spelletjes bord, maar dat heb ik al gemaakt dus Charline en haar groepje zijn mij heel dankbaar. Ook eis ik als ze dit verkopen een gratis versie vanwege de bijdrage die ik heb geleverd. Verder ben ik van mening dat het spel uitgebreider kan zijn maar dat hoeft niet dat zou namelijk voor mensen die niet zo slim zijn een nadeel zijn. De reden hiervan is dat de intelligentie niet voldoet aan de eisen om dit spel te spelen. Bijvoorbeeld inzicht is een eis. Maar dit kan verbeterd worden tot een specifiek niveau. Maar nu gaan we heel ver van het onderwerp af. Dus ik zal het hieronder klein samenvatten




Het bord.



PS: Charline haat veel tekst






"
"2017/10/09 1:08:32 PM GMT","7","kaartspellen en denkspellen","Nee","Ja","Duidelijk","Ja","Ja","Ja","","",""
"2017/10/21 5:36:05 PM GMT","10","puzzel/strategies","Ja","Ja","Duidelijk","Ja","Ja","Misschien","tijdslimiet per beurt","","boot tegel vooruit en meevarende boogschutter mag nog schieten"
"2017/10/21 5:41:58 PM GMT","7","hay day, candy crush, clash of clans","Ja","Ja","Neutraal","Misschien","Misschien","Misschien","","",""
"2017/10/21 5:45:22 PM GMT","8","Fortnite Smachy road","Ja","Ja","Duidelijk","Ja","Ja","Nee","meer popetjes","","tijd korter "
"2017/10/21 5:49:07 PM GMT","9","Candy Crush, Far Cry, GTA","Ja","Ja","Duidelijk","Ja","Ja","Misschien","",".","Lengte van het spel. Duurt nu soms te lang."